type,color
original,blue
original,blue
original,blue
original,blue
original,blue
original,blue
original,blue
original,blue
original,blue
original,blue
original,blue
original,blue
original,blue
original,blue
original,blue
original,blue
original,blue
original,blue
original,blue
original,blue
original,blue
original,blue
original,blue
original,blue
original,blue
original,blue
original,blue
original,blue
original,blue
original,blue
original,blue
original,blue
original,blue
original,blue
original,blue
original,blue
original,blue
original,blue
original,blue
original,blue
original,blue
original,blue
original,blue
original,blue
original,blue
original,blue
original,blue
original,blue
original,blue
original,blue
original,blue
original,blue
original,blue
original,blue
original,blue
original,blue
original,not blue
original,not blue
original,not blue
original,not blue
original,not blue
original,not blue
original,not blue
original,not blue
original,not blue
original,not blue
original,not blue
original,not blue
original,not blue
original,not blue
original,not blue
original,not blue
original,not blue
original,not blue
original,not blue
original,not blue
original,not blue
original,not blue
original,not blue
original,not blue
original,not blue
original,not blue
original,not blue
original,not blue
original,not blue
original,not blue
original,not blue
original,not blue
original,not blue
original,not blue
original,not blue
original,not blue
original,not blue
original,not blue
original,not blue
original,not blue
original,not blue
original,not blue
original,not blue
original,not blue
original,not blue
original,not blue
original,not blue
original,not blue
original,not blue
original,not blue
original,not blue
original,not blue
original,not blue
original,not blue
original,not blue
original,not blue
original,not blue
original,not blue
original,not blue
original,not blue
original,not blue
original,not blue
original,not blue
original,not blue
original,not blue
original,not blue
original,not blue
original,not blue
original,not blue
original,not blue
original,not blue
original,not blue
original,not blue
original,not blue
original,not blue
original,not blue
original,not blue
original,not blue
original,not blue
original,not blue
original,not blue
original,not blue
original,not blue
original,not blue
original,not blue
original,not blue
original,not blue
original,not blue
original,not blue
original,not blue
original,not blue
original,not blue
original,not blue
original,not blue
original,not blue
original,not blue
original,not blue
original,not blue
original,not blue
original,not blue
original,not blue
original,not blue
original,not blue
original,not blue
original,not blue
original,not blue
original,not blue
original,not blue
original,not blue
original,not blue
original,not blue
original,not blue
original,not blue
original,not blue
original,not blue
original,not blue
original,not blue
original,not blue
original,not blue
original,not blue
original,not blue
original,not blue
original,not blue
original,not blue
original,not blue
original,not blue
original,not blue
original,not blue
original,not blue
original,not blue
original,not blue
original,not blue
original,not blue
original,not blue
original,not blue
original,not blue
original,not blue
original,not blue
original,not blue
original,not blue
original,not blue
original,not blue
original,not blue
original,not blue
original,not blue
original,not blue
original,not blue
original,not blue
original,not blue
original,not blue
original,not blue
original,not blue
original,not blue
original,not blue
original,not blue
original,not blue
original,not blue
original,not blue
original,not blue
original,not blue
original,not blue
original,not blue
original,not blue
original,not blue
original,not blue
original,not blue
original,not blue
original,not blue
original,not blue
original,not blue
original,not blue
original,not blue
original,not blue
original,not blue
original,not blue
original,not blue
original,not blue
original,not blue
original,not blue
original,not blue
original,not blue
original,not blue
original,not blue
original,not blue
original,not blue
original,not blue
original,not blue
original,not blue
original,not blue
original,not blue
original,not blue
original,not blue
original,not blue
original,not blue
original,not blue
original,not blue
original,not blue
original,not blue
original,not blue
original,not blue
original,not blue
original,not blue
original,not blue
original,not blue
original,not blue
original,not blue
original,not blue
original,not blue
original,not blue
original,not blue
original,not blue
original,not blue
original,not blue
original,not blue
original,not blue
original,not blue
original,not blue
original,not blue
original,not blue
original,not blue
original,not blue
original,not blue
original,not blue
original,not blue
original,not blue
original,not blue
original,not blue
original,not blue
original,not blue
original,not blue
original,not blue
original,not blue
original,not blue
original,not blue
original,not blue
original,not blue
original,not blue
original,not blue
original,not blue
original,not blue
original,not blue
original,not blue
original,not blue
original,not blue
original,not blue
original,not blue
original,not blue
original,not blue
original,not blue
original,not blue
original,not blue
original,not blue
original,not blue
original,not blue
original,not blue
original,not blue
original,not blue
original,not blue
original,not blue
original,not blue
original,not blue
original,not blue
original,not blue
original,not blue
original,not blue
original,not blue
original,not blue
original,not blue
original,not blue
original,not blue
original,not blue
original,not blue
original,not blue
original,not blue
original,not blue
original,not blue
original,not blue
original,not blue
original,not blue
original,not blue
original,not blue
original,not blue
original,not blue
original,not blue
original,not blue
original,not blue
original,not blue
original,not blue
original,not blue
original,not blue
original,not blue
original,not blue
original,not blue
original,not blue
original,not blue
original,not blue
original,not blue
original,not blue
original,not blue
original,not blue
original,not blue
original,not blue
original,not blue
original,not blue
original,not blue
original,not blue
original,not blue
original,not blue
original,not blue
peanut,blue
peanut,blue
peanut,blue
peanut,blue
peanut,blue
peanut,blue
peanut,blue
peanut,blue
peanut,blue
peanut,blue
peanut,blue
peanut,blue
peanut,blue
peanut,blue
peanut,blue
peanut,blue
peanut,blue
peanut,blue
peanut,blue
peanut,blue
peanut,blue
peanut,blue
peanut,blue
peanut,not blue
peanut,not blue
peanut,not blue
peanut,not blue
peanut,not blue
peanut,not blue
peanut,not blue
peanut,not blue
peanut,not blue
peanut,not blue
peanut,not blue
peanut,not blue
peanut,not blue
peanut,not blue
peanut,not blue
peanut,not blue
peanut,not blue
peanut,not blue
peanut,not blue
peanut,not blue
peanut,not blue
peanut,not blue
peanut,not blue
peanut,not blue
peanut,not blue
peanut,not blue
peanut,not blue
peanut,not blue
peanut,not blue
peanut,not blue
peanut,not blue
peanut,not blue
peanut,not blue
peanut,not blue
peanut,not blue
peanut,not blue
peanut,not blue
peanut,not blue
peanut,not blue
peanut,not blue
peanut,not blue
peanut,not blue
peanut,not blue
peanut,not blue
peanut,not blue
peanut,not blue
peanut,not blue
peanut,not blue
peanut,not blue
peanut,not blue
peanut,not blue
peanut,not blue
peanut,not blue
peanut,not blue
peanut,not blue
peanut,not blue
peanut,not blue
peanut,not blue
peanut,not blue
peanut,not blue
peanut,not blue
peanut,not blue
peanut,not blue
peanut,not blue
peanut,not blue
peanut,not blue
peanut,not blue
peanut,not blue
peanut,not blue
peanut,not blue
peanut,not blue
peanut,not blue
peanut,not blue
peanut,not blue
peanut,not blue
peanut,not blue
peanut,not blue
peanut,not blue
peanut,not blue
peanut,not blue
peanut,not blue
peanut,not blue
peanut,not blue
peanut,not blue
peanut,not blue
peanut,not blue
peanut,not blue
peanut,not blue
peanut,not blue
peanut,not blue
peanut,not blue
peanut,not blue
peanut,not blue
peanut,not blue
peanut,not blue
peanut,not blue
peanut,not blue
peanut,not blue
peanut,not blue
peanut,not blue
peanut,not blue
peanut,not blue
peanut,not blue
peanut,not blue
peanut,not blue
peanut,not blue
peanut,not blue
peanut,not blue
peanut,not blue
peanut,not blue
peanut,not blue
peanut,not blue
peanut,not blue
peanut,not blue
peanut,not blue
peanut,not blue
peanut,not blue
peanut,not blue
peanut,not blue
peanut,not blue
peanut,not blue
peanut,not blue
peanut,not blue
peanut,not blue
peanut,not blue
peanut,not blue
peanut,not blue
peanut,not blue
peanut,not blue
peanut,not blue
peanut,not blue
peanut,not blue
peanut,not blue
peanut,not blue
peanut,not blue
peanut,not blue
peanut,not blue
peanut,not blue
peanut,not blue
peanut,not blue
peanut,not blue
peanut,not blue
